Cement,Blast furnace slag,Fly Ash,Water,Superplasticizer,Coarse aggregate,Fine aggregate,Age,Concrete compressive strength
540,0,0,162,2.5,1040,676,28,7.999
540,0,0,162,2.5,1055,676,28,6.189
332.5,142.5,0,228,0,932,594,270,4.027
332.5,142.5,0,228,0,932,594,365,4.105
198.6,132.4,0,192,0,978.4,825.5,360,4.43
266,114,0,228,0,932,670,90,4.703
380,95,0,228,0,932,594,365,4.37
380,95,0,228,0,932,594,28,3.645
266,114,0,228,0,932,670,28,4.585
475,0,0,228,0,932,594,28,3.929
198.6,132.4,0,192,0,978.4,825.5,90,3.807
198.6,132.4,0,192,0,978.4,825.5,28,2.802
427.5,47.5,0,228,0,932,594,270,4.301
190,190,0,228,0,932,670,90,4.233
304,76,0,228,0,932,670,28,4.781
380,0,0,228,0,932,670,90,5.291
139.6,209.4,0,192,0,1047,806.9,90,3.936
342,38,0,228,0,932,670,365,5.614
380,95,0,228,0,932,594,90,4.056
475,0,0,228,0,932,594,180,4.262
427.5,47.5,0,228,0,932,594,180,4.184
139.6,209.4,0,192,0,1047,806.9,28,2.824
139.6,209.4,0,192,0,1047,806.9,3,0.806
139.6,209.4,0,192,0,1047,806.9,180,4.421
380,0,0,228,0,932,670,365,5.252
380,0,0,228,0,932,670,270,5.33
380,95,0,228,0,932,594,270,4.115
342,38,0,228,0,932,670,180,5.212
427.5,47.5,0,228,0,932,594,28,3.743
475,0,0,228,0,932,594,7,3.86
304,76,0,228,0,932,670,365,5.526
266,114,0,228,0,932,670,365,5.291
198.6,132.4,0,192,0,978.4,825.5,180,4.172
475,0,0,228,0,932,594,270,4.213
190,190,0,228,0,932,670,365,5.369
237.5,237.5,0,228,0,932,594,270,3.841
237.5,237.5,0,228,0,932,594,28,3.008
332.5,142.5,0,228,0,932,594,90,3.772
475,0,0,228,0,932,594,90,4.223
237.5,237.5,0,228,0,932,594,180,3.625
342,38,0,228,0,932,670,90,5.046
427.5,47.5,0,228,0,932,594,365,4.37
237.5,237.5,0,228,0,932,594,365,3.9
380,0,0,228,0,932,670,180,5.31
427.5,47.5,0,228,0,932,594,90,4.154
427.5,47.5,0,228,0,932,594,7,3.508
349,0,0,192,0,1047,806.9,3,1.505
380,95,0,228,0,932,594,180,4.076
237.5,237.5,0,228,0,932,594,7,2.626
380,95,0,228,0,932,594,7,3.282
332.5,142.5,0,228,0,932,594,180,3.978
190,190,0,228,0,932,670,180,4.693
237.5,237.5,0,228,0,932,594,90,3.312
304,76,0,228,0,932,670,90,4.919
139.6,209.4,0,192,0,1047,806.9,7,1.459
198.6,132.4,0,192,0,978.4,825.5,7,1.464
475,0,0,228,0,932,594,365,4.193
198.6,132.4,0,192,0,978.4,825.5,3,0.913
304,76,0,228,0,932,670,180,5.095
332.5,142.5,0,228,0,932,594,28,3.302
304,76,0,228,0,932,670,270,5.438
266,114,0,228,0,932,670,270,5.173
310,0,0,192,0,971,850.6,3,0.987
190,190,0,228,0,932,670,270,5.066
266,114,0,228,0,932,670,180,4.87
342,38,0,228,0,932,670,270,5.506
139.6,209.4,0,192,0,1047,806.9,360,4.47
332.5,142.5,0,228,0,932,594,7,3.028
190,190,0,228,0,932,670,28,4.086
485,0,0,146,0,1120,800,28,7.199
374,189.2,0,170.1,10.1,926.1,756.7,3,3.44
313.3,262.2,0,175.5,8.6,1046.9,611.8,3,2.88
425,106.3,0,153.5,16.5,852.1,887.1,3,3.34
425,106.3,0,151.4,18.6,936,803.7,3,3.63
375,93.8,0,126.6,23.4,852.1,992.6,3,2.9
475,118.8,0,181.1,8.9,852.1,781.5,3,3.78
469,117.2,0,137.8,32.2,852.1,840.5,3,4.02
425,106.3,0,153.5,16.5,852.1,887.1,3,3.34
388.6,97.1,0,157.9,12.1,852.1,925.7,3,2.81
531.3,0,0,141.8,28.2,852.1,893.7,3,4.13
425,106.3,0,153.5,16.5,852.1,887.1,3,3.34
318.8,212.5,0,155.7,14.3,852.1,880.4,3,2.52
401.8,94.7,0,147.4,11.4,946.8,852.1,3,4.11
362.6,189,0,164.9,11.6,944.7,755.8,3,3.53
323.7,282.8,0,183.8,10.3,942.7,659.9,3,2.83
379.5,151.2,0,153.9,15.9,1134.3,605,3,2.86
362.6,189,0,164.9,11.6,944.7,755.8,3,3.53
286.3,200.9,0,144.7,11.2,1004.6,803.7,3,2.44
362.6,189,0,164.9,11.6,944.7,755.8,3,3.53
439,177,0,186,11.1,884.9,707.9,3,3.93
389.9,189,0,145.9,22,944.7,755.8,3,4.06
362.6,189,0,164.9,11.6,944.7,755.8,3,3.53
337.9,189,0,174.9,9.5,944.7,755.8,3,2.41
374,189.2,0,170.1,10.1,926.1,756.7,7,4.62
313.3,262.2,0,175.5,8.6,1046.9,611.8,7,4.28
425,106.3,0,153.5,16.5,852.1,887.1,7,4.92
425,106.3,0,151.4,18.6,936,803.7,7,4.68
375,93.8,0,126.6,23.4,852.1,992.6,7,4.57
475,118.8,0,181.1,8.9,852.1,781.5,7,5.56
469,117.2,0,137.8,32.2,852.1,840.5,7,5.49
425,106.3,0,153.5,16.5,852.1,887.1,7,4.92
388.6,97.1,0,157.9,12.1,852.1,925.7,7,3.49
531.3,0,0,141.8,28.2,852.1,893.7,7,4.69
425,106.3,0,153.5,16.5,852.1,887.1,7,4.92
318.8,212.5,0,155.7,14.3,852.1,880.4,7,3.34
401.8,94.7,0,147.4,11.4,946.8,852.1,7,5.41
362.6,189,0,164.9,11.6,944.7,755.8,7,5.59
323.7,282.8,0,183.8,10.3,942.7,659.9,7,4.98
379.5,151.2,0,153.9,15.9,1134.3,605,7,4.71
362.6,189,0,164.9,11.6,944.7,755.8,7,5.59
286.3,200.9,0,144.7,11.2,1004.6,803.7,7,3.8
362.6,189,0,164.9,11.6,944.7,755.8,7,5.59
439,177,0,186,11.1,884.9,707.9,7,5.61
389.9,189,0,145.9,22,944.7,755.8,7,5.909
362.6,189,0,164.9,11.6,944.7,755.8,7,2.29
337.9,189,0,174.9,9.5,944.7,755.8,7,3.51
374,189.2,0,170.1,10.1,926.1,756.7,28,6.109
313.3,262.2,0,175.5,8.6,1046.9,611.8,28,5.98
425,106.3,0,153.5,16.5,852.1,887.1,28,6.029
425,106.3,0,151.4,18.6,936,803.7,28,6.18
375,93.8,0,126.6,23.4,852.1,992.6,28,5.67
475,118.8,0,181.1,8.9,852.1,781.5,28,6.83
469,117.2,0,137.8,32.2,852.1,840.5,28,6.69
425,106.3,0,153.5,16.5,852.1,887.1,28,6.029
388.6,97.1,0,157.9,12.1,852.1,925.7,28,5.07
531.3,0,0,141.8,28.2,852.1,893.7,28,5.64
425,106.3,0,153.5,16.5,852.1,887.1,28,6.029
318.8,212.5,0,155.7,14.3,852.1,880.4,28,5.55
401.8,94.7,0,147.4,11.4,946.8,852.1,28,6.85
362.6,189,0,164.9,11.6,944.7,755.8,28,7.13
323.7,282.8,0,183.8,10.3,942.7,659.9,28,7.47
379.5,151.2,0,153.9,15.9,1134.3,605,28,5.22
362.6,189,0,164.9,11.6,944.7,755.8,28,7.13
286.3,200.9,0,144.7,11.2,1004.6,803.7,28,6.77
362.6,189,0,164.9,11.6,944.7,755.8,28,7.13
439,177,0,186,11.1,884.9,707.9,28,6.6
389.9,189,0,145.9,22,944.7,755.8,28,7.45
362.6,189,0,164.9,11.6,944.7,755.8,28,7.13
337.9,189,0,174.9,9.5,944.7,755.8,28,4.99
374,189.2,0,170.1,10.1,926.1,756.7,56,6.34
313.3,262.2,0,175.5,8.6,1046.9,611.8,56,6.49
425,106.3,0,153.5,16.5,852.1,887.1,56,6.43
425,106.3,0,151.4,18.6,936,803.7,56,6.49
375,93.8,0,126.6,23.4,852.1,992.6,56,6.02
475,118.8,0,181.1,8.9,852.1,781.5,56,7.23
469,117.2,0,137.8,32.2,852.1,840.5,56,6.93
425,106.3,0,153.5,16.5,852.1,887.1,56,6.43
388.6,97.1,0,157.9,12.1,852.1,925.7,56,5.52
531.3,0,0,141.8,28.2,852.1,893.7,56,5.88
425,106.3,0,153.5,16.5,852.1,887.1,56,6.43
318.8,212.5,0,155.7,14.3,852.1,880.4,56,6.61
401.8,94.7,0,147.4,11.4,946.8,852.1,56,7.37
362.6,189,0,164.9,11.6,944.7,755.8,56,7.73
323.7,282.8,0,183.8,10.3,942.7,659.9,56,8.02
379.5,151.2,0,153.9,15.9,1134.3,605,56,5.49
362.6,189,0,164.9,11.6,944.7,755.8,56,7.73
286.3,200.9,0,144.7,11.2,1004.6,803.7,56,7.299
362.6,189,0,164.9,11.6,944.7,755.8,56,7.73
439,177,0,186,11.1,884.9,707.9,56,7.17
389.9,189,0,145.9,22,944.7,755.8,56,7.94
362.6,189,0,164.9,11.6,944.7,755.8,56,7.73
337.9,189,0,174.9,9.5,944.7,755.8,56,5.989
374,189.2,0,170.1,10.1,926.1,756.7,91,6.49
313.3,262.2,0,175.5,8.6,1046.9,611.8,91,6.66
425,106.3,0,153.5,16.5,852.1,887.1,91,6.52
425,106.3,0,151.4,18.6,936,803.7,91,6.67
375,93.8,0,126.6,23.4,852.1,992.6,91,6.25
475,118.8,0,181.1,8.9,852.1,781.5,91,7.419
469,117.2,0,137.8,32.2,852.1,840.5,91,7.07
425,106.3,0,153.5,16.5,852.1,887.1,91,6.52
388.6,97.1,0,157.9,12.1,852.1,925.7,91,5.76
531.3,0,0,141.8,28.2,852.1,893.7,91,5.92
425,106.3,0,153.5,16.5,852.1,887.1,91,6.52
318.8,212.5,0,155.7,14.3,852.1,880.4,91,6.81
401.8,94.7,0,147.4,11.4,946.8,852.1,91,7.55
362.6,189,0,164.9,11.6,944.7,755.8,91,7.93
379.5,151.2,0,153.9,15.9,1134.3,605,91,5.65
362.6,189,0,164.9,11.6,944.7,755.8,91,7.93
286.3,200.9,0,144.7,11.2,1004.6,803.7,91,7.68
362.6,189,0,164.9,11.6,944.7,755.8,91,7.93
439,177,0,186,11.1,884.9,707.9,91,7.33
389.9,189,0,145.9,22,944.7,755.8,91,8.26
362.6,189,0,164.9,11.6,944.7,755.8,91,7.93
337.9,189,0,174.9,9.5,944.7,755.8,91,6.78
222.4,0,96.7,189.3,4.5,967.1,870.3,3,1.158
222.4,0,96.7,189.3,4.5,967.1,870.3,14,2.445
222.4,0,96.7,189.3,4.5,967.1,870.3,28,2.489
222.4,0,96.7,189.3,4.5,967.1,870.3,56,2.945
222.4,0,96.7,189.3,4.5,967.1,870.3,100,4.071
233.8,0,94.6,197.9,4.6,947,852.2,3,1.038
233.8,0,94.6,197.9,4.6,947,852.2,14,2.214
233.8,0,94.6,197.9,4.6,947,852.2,28,2.284
233.8,0,94.6,197.9,4.6,947,852.2,56,2.766
233.8,0,94.6,197.9,4.6,947,852.2,100,3.456
194.7,0,100.5,165.6,7.5,1006.4,905.9,3,1.245
194.7,0,100.5,165.6,7.5,1006.4,905.9,14,2.499
194.7,0,100.5,165.6,7.5,1006.4,905.9,28,2.572
194.7,0,100.5,165.6,7.5,1006.4,905.9,56,3.396
194.7,0,100.5,165.6,7.5,1006.4,905.9,100,3.734
190.7,0,125.4,162.1,7.8,1090,804,3,1.504
190.7,0,125.4,162.1,7.8,1090,804,14,2.106
190.7,0,125.4,162.1,7.8,1090,804,28,2.64
190.7,0,125.4,162.1,7.8,1090,804,56,3.534
190.7,0,125.4,162.1,7.8,1090,804,100,4.057
212.1,0,121.6,180.3,5.7,1057.6,779.3,3,1.247
212.1,0,121.6,180.3,5.7,1057.6,779.3,14,2.092
212.1,0,121.6,180.3,5.7,1057.6,779.3,28,2.49
212.1,0,121.6,180.3,5.7,1057.6,779.3,56,3.42
212.1,0,121.6,180.3,5.7,1057.6,779.3,100,3.961
230,0,118.3,195.5,4.6,1029.4,758.6,3,1.003
230,0,118.3,195.5,4.6,1029.4,758.6,14,2.008
230,0,118.3,195.5,4.6,1029.4,758.6,28,2.448
230,0,118.3,195.5,4.6,1029.4,758.6,56,3.154
230,0,118.3,195.5,4.6,1029.4,758.6,100,3.534
190.3,0,125.2,161.9,9.9,1088.1,802.6,3,0.945
190.3,0,125.2,161.9,9.9,1088.1,802.6,14,2.272
190.3,0,125.2,161.9,9.9,1088.1,802.6,28,2.847
190.3,0,125.2,161.9,9.9,1088.1,802.6,56,3.856
190.3,0,125.2,161.9,9.9,1088.1,802.6,100,4.039
166.1,0,163.3,176.5,4.5,1058.6,780.1,3,1.076
166.1,0,163.3,176.5,4.5,1058.6,780.1,14,2.548
166.1,0,163.3,176.5,4.5,1058.6,780.1,28,2.154
166.1,0,163.3,176.5,4.5,1058.6,780.1,56,2.863
166.1,0,163.3,176.5,4.5,1058.6,780.1,100,3.354
168,42.1,163.8,121.8,5.7,1058.7,780.1,3,0.775
168,42.1,163.8,121.8,5.7,1058.7,780.1,14,1.782
168,42.1,163.8,121.8,5.7,1058.7,780.1,28,2.424
168,42.1,163.8,121.8,5.7,1058.7,780.1,56,3.285
168,42.1,163.8,121.8,5.7,1058.7,780.1,100,3.923
213.7,98.1,24.5,181.7,6.9,1065.8,785.4,3,1.8
213.7,98.1,24.5,181.7,6.9,1065.8,785.4,14,3.039
213.7,98.1,24.5,181.7,6.9,1065.8,785.4,28,4.571
213.7,98.1,24.5,181.7,6.9,1065.8,785.4,56,5.077
213.7,98.1,24.5,181.7,6.9,1065.8,785.4,100,5.39
213.8,98.1,24.5,181.7,6.7,1066,785.5,3,1.318
213.8,98.1,24.5,181.7,6.7,1066,785.5,14,1.784
213.8,98.1,24.5,181.7,6.7,1066,785.5,28,4.023
213.8,98.1,24.5,181.7,6.7,1066,785.5,56,4.713
213.8,98.1,24.5,181.7,6.7,1066,785.5,100,4.997
229.7,0,118.2,195.2,6.1,1028.1,757.6,3,1.336
229.7,0,118.2,195.2,6.1,1028.1,757.6,14,2.232
229.7,0,118.2,195.2,6.1,1028.1,757.6,28,2.454
229.7,0,118.2,195.2,6.1,1028.1,757.6,56,3.135
229.7,0,118.2,195.2,6.1,1028.1,757.6,100,4.086
238.1,0,94.1,186.7,7,949.9,847,3,1.993
238.1,0,94.1,186.7,7,949.9,847,14,2.569
238.1,0,94.1,186.7,7,949.9,847,28,3.023
238.1,0,94.1,186.7,7,949.9,847,56,3.959
238.1,0,94.1,186.7,7,949.9,847,100,4.43
250,0,95.7,187.4,5.5,956.9,861.2,3,1.382
250,0,95.7,187.4,5.5,956.9,861.2,14,2.492
250,0,95.7,187.4,5.5,956.9,861.2,28,2.922
250,0,95.7,187.4,5.5,956.9,861.2,56,3.833
250,0,95.7,187.4,5.5,956.9,861.2,100,4.235
212.5,0,100.4,159.3,8.7,1007.8,903.6,3,1.354
212.5,0,100.4,159.3,8.7,1007.8,903.6,14,2.631
212.5,0,100.4,159.3,8.7,1007.8,903.6,28,3.164
212.5,0,100.4,159.3,8.7,1007.8,903.6,56,4.255
212.5,0,100.4,159.3,8.7,1007.8,903.6,100,4.292
212.6,0,100.4,159.4,10.4,1003.8,903.8,3,1.333
212.6,0,100.4,159.4,10.4,1003.8,903.8,14,2.537
212.6,0,100.4,159.4,10.4,1003.8,903.8,28,3.74
212.6,0,100.4,159.4,10.4,1003.8,903.8,56,4.44
212.6,0,100.4,159.4,10.4,1003.8,903.8,100,4.774
212,0,124.8,159,7.8,1085.4,799.5,3,1.952
212,0,124.8,159,7.8,1085.4,799.5,14,3.135
212,0,124.8,159,7.8,1085.4,799.5,28,3.85
212,0,124.8,159,7.8,1085.4,799.5,56,4.508
212,0,124.8,159,7.8,1085.4,799.5,100,4.782
231.8,0,121.6,174,6.7,1056.4,778.5,3,1.544
231.8,0,121.6,174,6.7,1056.4,778.5,14,2.677
231.8,0,121.6,174,6.7,1056.4,778.5,28,3.373
231.8,0,121.6,174,6.7,1056.4,778.5,56,4.27
231.8,0,121.6,174,6.7,1056.4,778.5,100,4.584
251.4,0,118.3,188.5,5.8,1028.4,757.7,3,1.722
251.4,0,118.3,188.5,5.8,1028.4,757.7,14,2.993
251.4,0,118.3,188.5,5.8,1028.4,757.7,28,2.965
251.4,0,118.3,188.5,5.8,1028.4,757.7,56,3.697
251.4,0,118.3,188.5,5.8,1028.4,757.7,100,4.358
251.4,0,118.3,188.5,6.4,1028.4,757.7,3,1.312
251.4,0,118.3,188.5,6.4,1028.4,757.7,14,2.443
251.4,0,118.3,188.5,6.4,1028.4,757.7,28,3.266
251.4,0,118.3,188.5,6.4,1028.4,757.7,56,3.664
251.4,0,118.3,188.5,6.4,1028.4,757.7,100,4.421
181.4,0,167,169.6,7.6,1055.6,777.8,3,1.362
181.4,0,167,169.6,7.6,1055.6,777.8,14,2.16
181.4,0,167,169.6,7.6,1055.6,777.8,28,2.777
181.4,0,167,169.6,7.6,1055.6,777.8,56,3.557
181.4,0,167,169.6,7.6,1055.6,777.8,100,4.537
182,45.2,122,170.2,8.2,1059.4,780.7,3,0.732
182,45.2,122,170.2,8.2,1059.4,780.7,14,2.15
182,45.2,122,170.2,8.2,1059.4,780.7,28,3.127
182,45.2,122,170.2,8.2,1059.4,780.7,56,4.35
182,45.2,122,170.2,8.2,1059.4,780.7,100,4.867
168.9,42.2,124.3,158.3,10.8,1080.8,796.2,3,0.74
168.9,42.2,124.3,158.3,10.8,1080.8,796.2,14,2.351
168.9,42.2,124.3,158.3,10.8,1080.8,796.2,28,3.112
168.9,42.2,124.3,158.3,10.8,1080.8,796.2,56,3.915
168.9,42.2,124.3,158.3,10.8,1080.8,796.2,100,4.815
290.4,0,96.2,168.1,9.4,961.2,865,3,2.25
290.4,0,96.2,168.1,9.4,961.2,865,14,3.467
290.4,0,96.2,168.1,9.4,961.2,865,28,3.474
290.4,0,96.2,168.1,9.4,961.2,865,56,4.508
290.4,0,96.2,168.1,9.4,961.2,865,100,4.897
277.1,0,97.4,160.6,11.8,973.9,875.6,3,2.314
277.1,0,97.4,160.6,11.8,973.9,875.6,14,4.189
277.1,0,97.4,160.6,11.8,973.9,875.6,28,4.828
277.1,0,97.4,160.6,11.8,973.9,875.6,56,5.104
277.1,0,97.4,160.6,11.8,973.9,875.6,100,5.564
295.7,0,95.6,171.5,8.9,955.1,859.2,3,2.295
295.7,0,95.6,171.5,8.9,955.1,859.2,14,3.523
295.7,0,95.6,171.5,8.9,955.1,859.2,28,3.994
295.7,0,95.6,171.5,8.9,955.1,859.2,56,4.872
295.7,0,95.6,171.5,8.9,955.1,859.2,100,5.204
251.8,0,99.9,146.1,12.4,1006,899.8,3,2.102
251.8,0,99.9,146.1,12.4,1006,899.8,14,3.336
251.8,0,99.9,146.1,12.4,1006,899.8,28,3.394
251.8,0,99.9,146.1,12.4,1006,899.8,56,4.414
251.8,0,99.9,146.1,12.4,1006,899.8,100,4.537
249.1,0,98.8,158.1,12.8,987.8,889,3,1.536
249.1,0,98.8,158.1,12.8,987.8,889,14,2.868
249.1,0,98.8,158.1,12.8,987.8,889,28,3.085
249.1,0,98.8,158.1,12.8,987.8,889,56,4.203
249.1,0,98.8,158.1,12.8,987.8,889,100,5.106
252.3,0,98.8,146.3,14.2,987.8,889,3,2.178
252.3,0,98.8,146.3,14.2,987.8,889,14,4.229
252.3,0,98.8,146.3,14.2,987.8,889,28,5.06
252.3,0,98.8,146.3,14.2,987.8,889,56,5.583
252.3,0,98.8,146.3,14.2,987.8,889,100,6.095
246.8,0,125.1,143.3,12,1086.8,800.9,3,2.352
246.8,0,125.1,143.3,12,1086.8,800.9,14,4.222
246.8,0,125.1,143.3,12,1086.8,800.9,28,5.25
246.8,0,125.1,143.3,12,1086.8,800.9,56,6.032
246.8,0,125.1,143.3,12,1086.8,800.9,100,6.642
275.1,0,121.4,159.5,9.9,1053.6,777.5,3,2.38
275.1,0,121.4,159.5,9.9,1053.6,777.5,14,3.877
275.1,0,121.4,159.5,9.9,1053.6,777.5,28,5.133
275.1,0,121.4,159.5,9.9,1053.6,777.5,56,5.685
275.1,0,121.4,159.5,9.9,1053.6,777.5,100,5.861
297.2,0,117.5,174.8,9.5,1022.8,753.5,3,2.191
297.2,0,117.5,174.8,9.5,1022.8,753.5,14,3.699
297.2,0,117.5,174.8,9.5,1022.8,753.5,28,4.74
297.2,0,117.5,174.8,9.5,1022.8,753.5,56,5.196
297.2,0,117.5,174.8,9.5,1022.8,753.5,100,5.674
213.7,0,174.7,154.8,10.2,1053.5,776.4,3,1.757
213.7,0,174.7,154.8,10.2,1053.5,776.4,14,3.373
213.7,0,174.7,154.8,10.2,1053.5,776.4,28,4.015
213.7,0,174.7,154.8,10.2,1053.5,776.4,56,4.664
213.7,0,174.7,154.8,10.2,1053.5,776.4,100,5.008
213.5,0,174.2,154.6,11.7,1052.3,775.5,3,1.737
213.5,0,174.2,154.6,11.7,1052.3,775.5,14,3.37
213.5,0,174.2,154.6,11.7,1052.3,775.5,28,4.594
213.5,0,174.2,154.6,11.7,1052.3,775.5,56,5.143
213.5,0,174.2,154.6,11.7,1052.3,775.5,100,5.93
277.2,97.8,24.5,160.7,11.2,1061.7,782.5,3,3.045
277.2,97.8,24.5,160.7,11.2,1061.7,782.5,14,4.771
277.2,97.8,24.5,160.7,11.2,1061.7,782.5,28,6.314
277.2,97.8,24.5,160.7,11.2,1061.7,782.5,56,6.682
277.2,97.8,24.5,160.7,11.2,1061.7,782.5,100,6.695
218.2,54.6,123.8,140.8,11.9,1075.7,792.7,3,2.742
218.2,54.6,123.8,140.8,11.9,1075.7,792.7,14,3.596
218.2,54.6,123.8,140.8,11.9,1075.7,792.7,28,5.551
218.2,54.6,123.8,140.8,11.9,1075.7,792.7,56,6.199
218.2,54.6,123.8,140.8,11.9,1075.7,792.7,100,6.353
214.9,53.8,121.9,155.6,9.6,1014.3,780.6,3,1.802
214.9,53.8,121.9,155.6,9.6,1014.3,780.6,14,3.86
214.9,53.8,121.9,155.6,9.6,1014.3,780.6,28,5.22
214.9,53.8,121.9,155.6,9.6,1014.3,780.6,56,5.396
214.9,53.8,121.9,155.6,9.6,1014.3,780.6,100,5.663
218.9,0,124.1,158.5,11.3,1078.7,794.9,3,1.534
218.9,0,124.1,158.5,11.3,1078.7,794.9,14,2.605
218.9,0,124.1,158.5,11.3,1078.7,794.9,28,3.022
218.9,0,124.1,158.5,11.3,1078.7,794.9,56,3.727
218.9,0,124.1,158.5,11.3,1078.7,794.9,100,4.623
376,0,0,214.6,0,1003.5,762.4,3,1.628
376,0,0,214.6,0,1003.5,762.4,14,2.562
376,0,0,214.6,0,1003.5,762.4,28,3.197
376,0,0,214.6,0,1003.5,762.4,56,3.63
376,0,0,214.6,0,1003.5,762.4,100,4.306
500,0,0,140,4,966,853,28,6.757
475,0,59,142,1.9,1098,641,28,5.723
315,137,0,145,5.9,1130,745,28,8.175
505,0,60,195,0,1030,630,28,6.402
451,0,0,165,11.3,1030,745,28,7.88
516,0,0,162,8.2,801,802,28,4.137
520,0,0,170,5.2,855,855,28,6.028
528,0,0,185,6.9,920,720,28,5.683
520,0,0,175,5.2,870,805,28,5.102
385,0,136,158,20,903,768,28,5.555
500.1,0,0,200,3,1124.4,613.2,28,4.413
450.1,50,0,200,3,1124.4,613.2,28,3.938
397,17.2,158,167,20.8,967,633,28,5.565
333,17.5,163,167,17.9,996,652,28,4.728
334,17.6,158,189,15.3,967,633,28,4.433
405,0,0,175,0,1120,695,28,5.23
200,200,0,190,0,1145,660,28,4.925
516,0,0,162,8.3,801,802,28,4.137
145,116,119,184,5.7,833,880,28,2.916
160,128,122,182,6.4,824,879,28,3.94
234,156,0,189,5.9,981,760,28,3.93
250,180,95,159,9.5,860,800,28,6.787
475,0,0,162,9.5,1044,662,28,5.852
285,190,0,163,7.6,1031,685,28,5.358
356,119,0,160,9,1061,657,28,5.9
275,180,120,162,10.4,830,765,28,7.624
500,0,0,151,9,1033,655,28,6.984
165,0,143.6,163.8,0,1005.6,900.9,3,1.44
165,128.5,132.1,175.1,8.1,1005.8,746.6,3,1.942
178,129.8,118.6,179.9,3.6,1007.3,746.8,3,2.073
167.4,129.9,128.6,175.5,7.8,1006.3,746.6,3,1.494
172.4,13.6,172.4,156.8,4.1,1006.3,856.4,3,2.129
173.5,50.1,173.5,164.8,6.5,1006.2,793.5,3,2.308
167,75.4,167,164,7.9,1007.3,770.1,3,1.552
173.8,93.4,159.9,172.3,9.7,1007.2,746.6,3,1.582
190.3,0,125.2,166.6,9.9,1079,798.9,3,1.255
250,0,95.7,191.8,5.3,948.9,857.2,3,0.849
213.5,0,174.2,159.2,11.7,1043.6,771.9,3,1.561
194.7,0,100.5,170.2,7.5,998,901.8,3,1.218
251.4,0,118.3,192.9,5.8,1043.6,754.3,3,1.198
165,0,143.6,163.8,0,1005.6,900.9,14,1.688
165,128.5,132.1,175.1,8.1,1005.8,746.6,14,3.309
178,129.8,118.6,179.9,3.6,1007.3,746.8,14,3.424
167.4,129.9,128.6,175.5,7.8,1006.3,746.6,14,3.181
172.4,13.6,172.4,156.8,4.1,1006.3,856.4,14,2.975
173.5,50.1,173.5,164.8,6.5,1006.2,793.5,14,3.301
167,75.4,167,164,7.9,1007.3,770.1,14,3.29
173.8,93.4,159.9,172.3,9.7,1007.2,746.6,14,2.955
190.3,0,125.2,166.6,9.9,1079,798.9,14,1.942
250,0,95.7,191.8,5.3,948.9,857.2,14,2.466
213.5,0,174.2,159.2,11.7,1043.6,771.9,14,2.959
194.7,0,100.5,170.2,7.5,998,901.8,14,2.428
251.4,0,118.3,192.9,5.8,1043.6,754.3,14,2.073
165,0,143.6,163.8,0,1005.6,900.9,28,2.62
165,128.5,132.1,175.1,8.1,1005.8,746.6,28,4.639
178,129.8,118.6,179.9,3.6,1007.3,746.8,28,3.916
167.4,129.9,128.6,175.5,7.8,1006.3,746.6,28,4.12
172.4,13.6,172.4,156.8,4.1,1006.3,856.4,28,3.369
173.5,50.1,173.5,164.8,6.5,1006.2,793.5,28,3.82
167,75.4,167,164,7.9,1007.3,770.1,28,4.141
173.8,93.4,159.9,172.3,9.7,1007.2,746.6,28,3.781
190.3,0,125.2,166.6,9.9,1079,798.9,28,2.485
250,0,95.7,191.8,5.3,948.9,857.2,28,2.722
213.5,0,174.2,159.2,11.7,1043.6,771.9,28,4.464
194.7,0,100.5,170.2,7.5,998,901.8,28,3.727
251.4,0,118.3,192.9,5.8,1043.6,754.3,28,3.327
165,0,143.6,163.8,0,1005.6,900.9,56,3.656
165,128.5,132.1,175.1,8.1,1005.8,746.6,56,5.372
178,129.8,118.6,179.9,3.6,1007.3,746.8,56,4.859
167.4,129.9,128.6,175.5,7.8,1006.3,746.6,56,5.172
172.4,13.6,172.4,156.8,4.1,1006.3,856.4,56,3.585
173.5,50.1,173.5,164.8,6.5,1006.2,793.5,56,5.377
167,75.4,167,164,7.9,1007.3,770.1,56,5.346
173.8,93.4,159.9,172.3,9.7,1007.2,746.6,56,4.899
190.3,0,125.2,166.6,9.9,1079,798.9,56,3.172
250,0,95.7,191.8,5.3,948.9,857.2,56,3.964
213.5,0,174.2,159.2,11.7,1043.6,771.9,56,5.126
194.7,0,100.5,170.2,7.5,998,901.8,56,4.339
251.4,0,118.3,192.9,5.8,1043.6,754.3,56,3.927
165,0,143.6,163.8,0,1005.6,900.9,100,3.796
165,128.5,132.1,175.1,8.1,1005.8,746.6,100,5.502
178,129.8,118.6,179.9,3.6,1007.3,746.8,100,4.999
167.4,129.9,128.6,175.5,7.8,1006.3,746.6,100,5.366
172.4,13.6,172.4,156.8,4.1,1006.3,856.4,100,3.768
173.5,50.1,173.5,164.8,6.5,1006.2,793.5,100,5.606
167,75.4,167,164,7.9,1007.3,770.1,100,5.681
173.8,93.4,159.9,172.3,9.7,1007.2,746.6,100,5.094
190.3,0,125.2,166.6,9.9,1079,798.9,100,3.356
250,0,95.7,191.8,5.3,948.9,857.2,100,4.116
213.5,0,174.2,159.2,11.7,1043.6,771.9,100,5.296
194.7,0,100.5,170.2,7.5,998,901.8,100,4.428
251.4,0,118.3,192.9,5.8,1043.6,754.3,100,4.015
446,24,79,162,11.6,967,712,28,5.703
446,24,79,162,11.6,967,712,28,4.442
446,24,79,162,11.6,967,712,28,5.102
446,24,79,162,10.3,967,712,28,5.339
446,24,79,162,11.6,967,712,3,3.536
446,24,79,162,11.6,967,712,3,2.502
446,24,79,162,11.6,967,712,3,2.335
446,24,79,162,11.6,967,712,7,5.201
446,24,79,162,11.6,967,712,7,3.802
446,24,79,162,11.6,967,712,7,3.93
446,24,79,162,11.6,967,712,56,6.107
446,24,79,162,11.6,967,712,56,5.614
446,24,79,162,11.6,967,712,56,5.525
446,24,79,162,10.3,967,712,56,5.477
387,20,94,157,14.3,938,845,28,5.024
387,20,94,157,13.9,938,845,28,4.668
387,20,94,157,11.6,938,845,28,4.668
387,20,94,157,14.3,938,845,3,2.275
387,20,94,157,13.9,938,845,3,2.551
387,20,94,157,11.6,938,845,3,3.477
387,20,94,157,14.3,938,845,7,3.684
387,20,94,157,13.9,938,845,7,4.59
387,20,94,157,11.6,938,845,7,4.167
387,20,94,157,14.3,938,845,56,5.634
387,20,94,157,13.9,938,845,56,4.797
387,20,94,157,11.6,938,845,56,6.146
355,19,97,145,13.1,967,871,28,4.403
355,19,97,145,12.3,967,871,28,5.545
491,26,123,210,3.9,882,699,28,5.555
491,26,123,201,3.9,822,699,28,5.792
491,26,123,210,3.9,882,699,3,2.561
491,26,123,210,3.9,882,699,7,3.349
491,26,123,210,3.9,882,699,56,5.959
491,26,123,201,3.9,822,699,3,2.955
491,26,123,201,3.9,822,699,7,3.792
491,26,123,201,3.9,822,699,56,6.186
424,22,132,178,8.5,822,750,28,6.205
424,22,132,178,8.5,882,750,3,3.201
424,22,132,168,8.9,822,750,28,7.21
424,22,132,178,8.5,822,750,7,3.9
424,22,132,178,8.5,822,750,56,6.57
424,22,132,168,8.9,822,750,3,3.211
424,22,132,168,8.9,822,750,7,4.029
424,22,132,168,8.9,822,750,56,7.436
202,11,141,206,1.7,942,801,28,2.197
202,11,141,206,1.7,942,801,3,0.985
202,11,141,206,1.7,942,801,7,1.507
202,11,141,206,1.7,942,801,56,2.325
284,15,141,179,5.5,842,801,28,4.373
284,15,141,179,5.5,842,801,3,1.34
284,15,141,179,5.5,842,801,7,2.413
284,15,141,179,5.5,842,801,56,4.452
359,19,141,154,10.9,942,801,28,6.294
359,19,141,154,10.9,942,801,28,5.949
359,19,141,154,10.9,942,801,3,2.512
359,19,141,154,10.9,942,801,3,2.364
359,19,141,154,10.9,942,801,7,3.575
359,19,141,154,10.9,942,801,7,3.861
359,19,141,154,10.9,942,801,56,6.875
359,19,141,154,10.9,942,801,56,6.678
436,0,0,218,0,838.4,719.7,28,2.385
289,0,0,192,0,913.2,895.3,90,3.207
289,0,0,192,0,913.2,895.3,3,1.165
393,0,0,192,0,940.6,785.6,3,1.92
393,0,0,192,0,940.6,785.6,90,4.885
393,0,0,192,0,940.6,785.6,28,3.96
480,0,0,192,0,936.2,712.2,28,4.394
480,0,0,192,0,936.2,712.2,7,3.457
480,0,0,192,0,936.2,712.2,90,5.432
480,0,0,192,0,936.2,712.2,3,2.44
333,0,0,192,0,931.2,842.6,3,1.562
255,0,0,192,0,889.8,945,90,2.186
255,0,0,192,0,889.8,945,7,1.022
289,0,0,192,0,913.2,895.3,7,1.46
255,0,0,192,0,889.8,945,28,1.875
333,0,0,192,0,931.2,842.6,28,3.197
333,0,0,192,0,931.2,842.6,7,2.34
289,0,0,192,0,913.2,895.3,28,2.557
333,0,0,192,0,931.2,842.6,90,4.168
393,0,0,192,0,940.6,785.6,7,2.774
255,0,0,192,0,889.8,945,3,0.82
158.8,238.2,0,185.7,0,1040.6,734.3,7,0.962
239.6,359.4,0,185.7,0,941.6,664.3,7,2.542
238.2,158.8,0,185.7,0,1040.6,734.3,7,1.569
181.9,272.8,0,185.7,0,1012.4,714.3,28,2.794
193.5,290.2,0,185.7,0,998.2,704.3,28,3.263
255.5,170.3,0,185.7,0,1026.6,724.3,7,1.724
272.8,181.9,0,185.7,0,1012.4,714.3,7,1.977
239.6,359.4,0,185.7,0,941.6,664.3,28,3.944
220.8,147.2,0,185.7,0,1055,744.3,28,2.575
397,0,0,185.7,0,1040.6,734.3,28,3.308
382.5,0,0,185.7,0,1047.8,739.3,7,2.407
210.7,316.1,0,185.7,0,977,689.3,7,2.182
158.8,238.2,0,185.7,0,1040.6,734.3,28,2.107
295.8,0,0,185.7,0,1091.4,769.3,7,1.484
255.5,170.3,0,185.7,0,1026.6,724.3,28,3.205
203.5,135.7,0,185.7,0,1076.2,759.3,7,1.196
397,0,0,185.7,0,1040.6,734.3,7,2.545
381.4,0,0,185.7,0,1104.6,784.3,28,2.249
295.8,0,0,185.7,0,1091.4,769.3,28,2.522
228,342.1,0,185.7,0,955.8,674.3,28,3.97
220.8,147.2,0,185.7,0,1055,744.3,7,1.309
316.1,210.7,0,185.7,0,977,689.3,28,3.87
135.7,203.5,0,185.7,0,1076.2,759.3,7,0.751
238.1,0,0,185.7,0,1118.8,789.3,28,1.758
339.2,0,0,185.7,0,1069.2,754.3,7,2.118
135.7,203.5,0,185.7,0,1076.2,759.3,28,1.82
193.5,290.2,0,185.7,0,998.2,704.3,7,1.72
203.5,135.7,0,185.7,0,1076.2,759.3,28,2.263
290.2,193.5,0,185.7,0,998.2,704.3,7,2.186
181.9,272.8,0,185.7,0,1012.4,714.3,7,1.237
170.3,155.5,0,185.7,0,1026.6,724.3,28,2.573
210.7,316.1,0,185.7,0,977,689.3,28,3.781
228,342.1,0,185.7,0,955.8,674.3,7,2.192
290.2,193.5,0,185.7,0,998.2,704.3,28,3.304
381.4,0,0,185.7,0,1104.6,784.3,7,1.454
238.2,158.8,0,185.7,0,1040.6,734.3,28,2.691
186.2,124.1,0,185.7,0,1083.4,764.3,7,0.8
339.2,0,0,185.7,0,1069.2,754.3,28,3.19
238.1,0,0,185.7,0,1118.8,789.3,7,1.034
252.5,0,0,185.7,0,1111.6,784.3,28,1.977
382.5,0,0,185.7,0,1047.8,739.3,28,3.744
252.5,0,0,185.7,0,1111.6,784.3,7,1.148
316.1,210.7,0,185.7,0,977,689.3,7,2.444
186.2,124.1,0,185.7,0,1083.4,764.3,28,1.76
170.3,155.5,0,185.7,0,1026.6,724.3,7,1.073
272.8,181.9,0,185.7,0,1012.4,714.3,28,3.138
339,0,0,197,0,968,781,3,1.322
339,0,0,197,0,968,781,7,2.097
339,0,0,197,0,968,781,14,2.704
339,0,0,197,0,968,781,28,3.204
339,0,0,197,0,968,781,90,3.517
339,0,0,197,0,968,781,180,3.645
339,0,0,197,0,968,781,365,3.889
236,0,0,194,0,968,885,3,0.647
236,0,0,194,0,968,885,14,1.284
236,0,0,194,0,968,885,28,1.842
236,0,0,194,0,968,885,90,2.195
236,0,0,193,0,968,885,180,2.41
236,0,0,193,0,968,885,365,2.508
277,0,0,191,0,968,856,14,2.126
277,0,0,191,0,968,856,28,2.597
277,0,0,191,0,968,856,3,1.136
277,0,0,191,0,968,856,90,3.125
277,0,0,191,0,968,856,180,3.233
277,0,0,191,0,968,856,360,3.37
254,0,0,198,0,968,863,3,0.931
254,0,0,198,0,968,863,90,2.694
254,0,0,198,0,968,863,180,2.763
254,0,0,198,0,968,863,365,2.979
307,0,0,193,0,968,812,180,3.449
307,0,0,193,0,968,812,365,3.615
307,0,0,193,0,968,812,3,1.254
307,0,0,193,0,968,812,28,2.753
307,0,0,193,0,968,812,90,3.292
236,0,0,193,0,968,885,7,0.999
200,0,0,180,0,1125,845,7,0.784
200,0,0,180,0,1125,845,28,1.225
225,0,0,181,0,1113,833,7,1.117
225,0,0,181,0,1113,833,28,1.734
325,0,0,184,0,1063,783,7,1.754
325,0,0,184,0,1063,783,28,3.057
275,0,0,183,0,1088,808,7,1.42
275,0,0,183,0,1088,808,28,2.45
300,0,0,184,0,1075,795,7,1.558
300,0,0,184,0,1075,795,28,2.685
375,0,0,186,0,1038,758,7,2.606
375,0,0,186,0,1038,758,28,3.821
400,0,0,187,0,1025,745,28,4.37
400,0,0,187,0,1025,745,7,3.014
250,0,0,182,0,1100,820,7,1.273
250,0,0,182,0,1100,820,28,2.087
350,0,0,186,0,1050,770,7,2.028
350,0,0,186,0,1050,770,28,3.429
203.5,305.3,0,203.5,0,963.4,630,7,1.954
250.2,166.8,0,203.5,0,977.6,694.1,90,4.771
157,236,0,192,0,935.4,781.2,90,4.338
141.3,212,0,203.5,0,971.8,748.5,28,2.989
166.8,250.2,0,203.5,0,975.6,692.6,3,0.69
122.6,183.9,0,203.5,0,958.2,800.1,90,3.319
183.9,122.6,0,203.5,0,959.2,800,3,0.49
102,153,0,192,0,887,942,3,0.457
102,153,0,192,0,887,942,90,2.546
122.6,183.9,0,203.5,0,958.2,800.1,28,2.429
166.8,250.2,0,203.5,0,975.6,692.6,28,3.395
200,133,0,192,0,965.4,806.2,3,1.141
108.3,162.4,0,203.5,0,938.2,849,28,2.059
305.3,203.5,0,203.5,0,965.4,631,7,2.589
108.3,162.4,0,203.5,0,938.2,849,90,2.923
116,173,0,192,0,909.8,891.9,90,3.102
141.3,212,0,203.5,0,971.8,748.5,7,1.039
157,236,0,192,0,935.4,781.2,28,3.366
133,200,0,192,0,927.4,839.2,28,2.787
250.2,166.8,0,203.5,0,977.6,694.1,7,1.935
173,116,0,192,0,946.8,856.8,7,1.139
192,288,0,192,0,929.8,716.1,3,1.279
192,288,0,192,0,929.8,716.1,28,3.932
153,102,0,192,0,888,943.1,3,0.478
288,192,0,192,0,932,717.8,3,1.611
305.3,203.5,0,203.5,0,965.4,631,28,4.338
236,157,0,192,0,972.6,749.1,7,2.042
173,116,0,192,0,946.8,856.8,3,0.694
212,141.3,0,203.5,0,973.4,750,7,1.503
236,157,0,192,0,972.6,749.1,3,1.357
183.9,122.6,0,203.5,0,959.2,800,90,3.253
166.8,250.2,0,203.5,0,975.6,692.6,7,1.575
102,153,0,192,0,887,942,7,0.768
288,192,0,192,0,932,717.8,28,3.88
212,141.3,0,203.5,0,973.4,750,28,3.3
102,153,0,192,0,887,942,28,1.728
173,116,0,192,0,946.8,856.8,28,2.428
183.9,122.6,0,203.5,0,959.2,800,28,2.405
133,200,0,192,0,927.4,839.2,90,3.659
192,288,0,192,0,929.8,716.1,90,5.073
133,200,0,192,0,927.4,839.2,7,1.366
305.3,203.5,0,203.5,0,965.4,631,3,1.414
236,157,0,192,0,972.6,749.1,90,4.778
108.3,162.4,0,203.5,0,938.2,849,3,0.233
157,236,0,192,0,935.4,781.2,7,1.689
288,192,0,192,0,932,717.8,7,2.352
212,141.3,0,203.5,0,973.4,750,3,0.681
212,141.3,0,203.5,0,973.4,750,90,3.97
153,102,0,192,0,888,943.1,28,1.796
236,157,0,192,0,972.6,749.1,28,3.288
116,173,0,192,0,909.8,891.9,28,2.235
183.9,122.6,0,203.5,0,959.2,800,7,1.079
108.3,162.4,0,203.5,0,938.2,849,7,0.772
203.5,305.3,0,203.5,0,963.4,630,28,4.168
203.5,305.3,0,203.5,0,963.4,630,3,0.956
133,200,0,192,0,927.4,839.2,3,0.688
288,192,0,192,0,932,717.8,90,5.053
200,133,0,192,0,965.4,806.2,7,1.717
200,133,0,192,0,965.4,806.2,28,3.044
250.2,166.8,0,203.5,0,977.6,694.1,3,0.973
122.6,183.9,0,203.5,0,958.2,800.1,3,0.332
153,102,0,192,0,888,943.1,90,2.632
200,133,0,192,0,965.4,806.2,90,4.325
116,173,0,192,0,909.8,891.9,3,0.628
173,116,0,192,0,946.8,856.8,90,3.21
250.2,166.8,0,203.5,0,977.6,694.1,28,3.696
305.3,203.5,0,203.5,0,965.4,631,90,5.46
192,288,0,192,0,929.8,716.1,7,2.148
157,236,0,192,0,935.4,781.2,3,0.969
153,102,0,192,0,888,943.1,7,0.837
141.3,212,0,203.5,0,971.8,748.5,90,3.966
116,173,0,192,0,909.8,891.9,7,1.009
141.3,212,0,203.5,0,971.8,748.5,3,0.483
122.6,183.9,0,203.5,0,958.2,800.1,7,1.035
166.8,250.2,0,203.5,0,975.6,692.6,90,4.357
203.5,305.3,0,203.5,0,963.4,630,90,5.186
310,0,0,192,0,1012,830,3,1.185
310,0,0,192,0,1012,830,7,1.724
310,0,0,192,0,1012,830,28,2.783
310,0,0,192,0,1012,830,90,3.576
310,0,0,192,0,1012,830,120,3.87
331,0,0,192,0,1025,821,3,1.431
331,0,0,192,0,1025,821,7,1.744
331,0,0,192,0,1025,821,28,3.174
331,0,0,192,0,1025,821,90,3.791
331,0,0,192,0,1025,821,120,3.938
349,0,0,192,0,1056,809,3,1.587
349,0,0,192,0,1056,809,7,0.901
349,0,0,192,0,1056,809,28,3.361
349,0,0,192,0,1056,809,90,4.066
349,0,0,192,0,1056,809,120,4.086
238,0,0,186,0,1119,789,7,1.205
238,0,0,186,0,1119,789,28,1.754
296,0,0,186,0,1090,769,7,1.891
296,0,0,186,0,1090,769,28,2.518
297,0,0,186,0,1040,734,7,3.096
480,0,0,192,0,936,721,28,4.389
480,0,0,192,0,936,721,90,5.428
397,0,0,186,0,1040,734,28,3.694
281,0,0,186,0,1104,774,7,1.45
281,0,0,185,0,1104,774,28,2.244
500,0,0,200,0,1125,613,1,1.264
500,0,0,200,0,1125,613,3,2.606
500,0,0,200,0,1125,613,7,3.321
500,0,0,200,0,1125,613,14,3.694
500,0,0,200,0,1125,613,28,4.409
540,0,0,173,0,1125,613,7,5.261
540,0,0,173,0,1125,613,14,5.976
540,0,0,173,0,1125,613,28,6.731
540,0,0,173,0,1125,613,90,6.966
540,0,0,173,0,1125,613,180,7.162
540,0,0,173,0,1125,613,270,7.417
350,0,0,203,0,974,775,7,1.813
350,0,0,203,0,974,775,14,2.253
350,0,0,203,0,974,775,28,2.734
350,0,0,203,0,974,775,56,2.998
350,0,0,203,0,974,775,90,3.135
350,0,0,203,0,974,775,180,3.272
385,0,0,186,0,966,763,1,0.627
385,0,0,186,0,966,763,3,1.47
385,0,0,186,0,966,763,7,2.322
385,0,0,186,0,966,763,14,2.792
385,0,0,186,0,966,763,28,3.135
331,0,0,192,0,978,825,180,3.9
331,0,0,192,0,978,825,360,4.124
349,0,0,192,0,1047,806,3,1.499
331,0,0,192,0,978,825,3,1.352
382,0,0,186,0,1047,739,7,2.4
382,0,0,186,0,1047,739,28,3.742
382,0,0,186,0,1111,784,7,1.147
281,0,0,186,0,1104,774,28,2.244
339,0,0,185,0,1069,754,7,2.116
339,0,0,185,0,1069,754,28,3.184
295,0,0,185,0,1069,769,7,1.48
295,0,0,185,0,1069,769,28,2.518
238,0,0,185,0,1118,789,28,1.754
296,0,0,192,0,1085,765,7,1.42
296,0,0,192,0,1085,765,28,2.165
296,0,0,192,0,1085,765,90,2.939
331,0,0,192,0,879,825,3,1.352
331,0,0,192,0,978,825,7,1.626
331,0,0,192,0,978,825,28,3.145
331,0,0,192,0,978,825,90,3.723
349,0,0,192,0,1047,806,7,1.813
349,0,0,192,0,1047,806,28,3.272
349,0,0,192,0,1047,806,90,3.949
349,0,0,192,0,1047,806,180,4.105
349,0,0,192,0,1047,806,360,4.213
302,0,0,203,0,974,817,14,1.813
302,0,0,203,0,974,817,180,2.674
525,0,0,189,0,1125,613,180,6.192
500,0,0,200,0,1125,613,90,4.722
500,0,0,200,0,1125,613,180,5.104
500,0,0,200,0,1125,613,270,5.516
540,0,0,173,0,1125,613,3,4.164
252,0,0,185,0,1111,784,7,1.371
252,0,0,185,0,1111,784,28,1.969
339,0,0,185,0,1060,754,28,3.165
393,0,0,192,0,940,758,3,1.911
393,0,0,192,0,940,758,28,3.958
393,0,0,192,0,940,758,90,4.879
382,0,0,185,0,1047,739,7,2.4
382,0,0,185,0,1047,739,28,3.742
252,0,0,186,0,1111,784,7,1.147
252,0,0,185,0,1111,784,28,1.969
310,0,0,192,0,970,850,7,1.499
310,0,0,192,0,970,850,28,2.792
310,0,0,192,0,970,850,90,3.468
310,0,0,192,0,970,850,180,3.733
310,0,0,192,0,970,850,360,3.811
525,0,0,189,0,1125,613,3,3.38
525,0,0,189,0,1125,613,7,4.242
525,0,0,189,0,1125,613,14,4.84
525,0,0,189,0,1125,613,28,5.594
525,0,0,189,0,1125,613,90,5.878
525,0,0,189,0,1125,613,270,6.711
322,0,0,203,0,974,800,14,2.077
322,0,0,203,0,974,800,28,2.518
322,0,0,203,0,974,800,180,2.959
302,0,0,203,0,974,817,28,2.175
397,0,0,185,0,1040,734,28,3.909
480,0,0,192,0,936,721,3,2.439
522,0,0,146,0,896,896,7,5.051
522,0,0,146,0,896,896,28,7.499
273,105,82,210,9,904,680,28,3.717
162,190,148,179,19,838,741,28,3.376
154,144,112,220,10,923,658,28,1.65
147,115,89,202,9,860,829,28,1.999
152,178,139,168,18,944,695,28,3.635
310,143,111,168,22,914,651,28,3.369
144,0,175,158,18,943,844,28,1.542
304,140,0,214,6,895,722,28,3.342
374,0,0,190,7,1013,730,28,3.905
159,149,116,175,15,953,720,28,2.768
153,239,0,200,6,1002,684,28,2.686
310,143,0,168,10,914,804,28,4.53
305,0,100,196,10,959,705,28,3.012
151,0,184,167,12,991,772,28,1.557
142,167,130,174,11,883,785,28,4.461
298,137,107,201,6,878,655,28,5.352
321,164,0,190,5,870,774,28,5.721
366,187,0,191,7,824,757,28,6.591
280,129,100,172,9,825,805,28,5.282
252,97,76,194,8,835,821,28,3.34
165,0,150,182,12,1023,729,28,1.803
156,243,0,180,11,1022,698,28,3.736
160,188,146,203,11,829,710,28,3.284
298,0,107,186,6,879,815,28,4.264
318,0,126,210,6,861,737,28,4.006
287,121,94,188,9,904,696,28,4.194
326,166,0,174,9,882,790,28,6.123
356,0,142,193,11,801,778,28,4.087
132,207,161,179,5,867,736,28,3.33
322,149,0,186,8,951,709,28,5.242
164,0,200,181,13,849,846,28,1.509
314,0,113,170,10,925,783,28,3.846
321,0,128,182,11,870,780,28,3.726
140,164,128,237,6,869,656,28,3.523
288,121,0,177,7,908,829,28,4.213
298,0,107,210,11,880,744,28,3.187
265,111,86,195,6,833,790,28,4.154
160,250,0,168,12,1049,688,28,3.945
166,260,0,183,13,859,827,28,3.791
276,116,90,180,9,870,768,28,4.428
322,0,116,196,10,818,813,28,3.118
149,139,109,193,6,892,780,28,2.369
159,187,0,176,11,990,789,28,3.276
261,100,78,201,9,864,761,28,3.24
237,92,71,247,6,853,695,28,2.863
313,0,113,178,8,1002,689,28,3.68
155,183,0,193,9,1047,697,28,1.828
146,230,0,202,3,827,872,28,3.306
296,0,107,221,11,819,778,28,3.142
133,210,0,196,3,949,795,28,3.103
313,145,0,178,8,867,824,28,4.439
152,0,112,184,8,992,816,28,1.218
153,145,113,178,8,1002,689,28,2.556
140,133,103,200,7,916,753,28,3.644
149,236,0,176,13,847,893,28,3.296
300,0,120,212,10,878,728,28,2.384
153,145,113,178,8,867,824,28,2.623
148,0,137,158,16,1002,830,28,1.795
326,0,138,199,11,801,792,28,4.068
153,145,0,178,8,1000,822,28,1.901
262,111,86,195,5,895,733,28,3.372
158,0,195,220,11,898,713,28,0.854
151,0,185,167,16,1074,678,28,1.346
273,0,90,199,11,931,762,28,3.224
149,118,92,183,7,953,780,28,2.352
143,169,143,191,8,967,643,28,2.972
260,101,78,171,10,936,763,28,4.977
313,161,0,178,10,917,759,28,5.244
284,120,0,168,7,970,794,28,4.093
336,0,0,182,3,986,817,28,4.486
145,0,134,181,11,979,812,28,1.32
150,237,0,174,12,1069,675,28,3.743
144,170,133,192,8,814,805,28,2.987
331,170,0,195,8,811,802,28,5.661
155,0,143,193,9,1047,697,28,1.246
155,183,0,193,9,877,868,28,2.379
135,0,166,180,10,961,805,28,1.329
266,112,87,178,10,910,745,28,3.942
314,145,113,179,8,869,690,28,4.623
313,145,0,127,8,1000,822,28,4.452
146,173,0,182,3,986,817,28,2.374
144,136,106,178,7,941,774,28,2.614
148,0,182,181,15,839,884,28,1.552
277,117,91,191,7,946,666,28,4.357
298,0,107,164,13,953,784,28,3.586
313,145,0,178,8,1002,689,28,4.105
155,184,143,194,9,880,699,28,2.899
289,134,0,195,6,924,760,28,4.624
148,175,0,171,2,1000,828,28,2.692
145,0,179,202,8,824,869,28,1.054
313,0,0,178,8,1000,822,28,2.51
136,162,126,172,10,923,764,28,2.907
155,0,143,193,9,877,868,28,0.974
255,99,77,189,6,919,749,28,3.38
162,207,172,216,10,822,638,28,3.984
136,196,98,199,6,847,783,28,2.697
164,163,128,197,8,961,641,28,2.723
162,214,164,202,10,820,680,28,3.065
157,214,152,200,9,819,704,28,3.305
149,153,194,192,8,935,623,28,2.458
135,105,193,196,6,965,643,28,2.191
159,209,161,201,7,848,669,28,3.088
144,15,195,176,6,1021,709,28,1.534
154,174,185,228,7,845,612,28,2.434
167,187,195,185,7,898,636,28,2.389
184,86,190,213,6,923,623,28,2.293
156,178,187,221,7,854,614,28,2.941
236.9,91.7,71.5,246.9,6,852.9,695.4,28,2.863
313.3,0,113,178.5,8,1001.9,688.7,28,3.68
154.8,183.4,0,193.3,9.1,1047.4,696.7,28,1.829
145.9,230.5,0,202.5,3.4,827,871.8,28,3.272
296,0,106.7,221.4,10.5,819.2,778.4,28,3.142
133.1,210.2,0,195.7,3.1,949.4,795.3,28,2.894
313.3,145,0,178.5,8,867.2,824,28,4.093
151.6,0,111.9,184.4,7.9,992,815.9,28,1.218
153.1,145,113,178.5,8,1001.9,688.7,28,2.556
139.9,132.6,103.3,200.3,7.4,916,753.4,28,3.644
149.5,236,0,175.8,12.6,846.8,892.7,28,3.296
299.8,0,119.8,211.5,9.9,878.2,727.6,28,2.384
153.1,145,113,178.5,8,867.2,824,28,2.623
148.1,0,136.6,158.1,16.1,1001.8,830.1,28,1.796
326.5,0,137.9,199,10.8,801.1,792.5,28,3.863
152.7,144.7,0,178.1,8,999.7,822.2,28,1.901
261.9,110.5,86.1,195.4,5,895.2,732.6,28,3.372
158.4,0,194.9,219.7,11,897.7,712.9,28,0.854
150.7,0,185.3,166.7,15.6,1074.5,678,28,1.346
272.6,0,89.6,198.7,10.6,931.3,762.2,28,3.225
149,117.6,91.7,182.9,7.1,953.4,780.3,28,2.352
143,169.4,142.7,190.7,8.4,967.4,643.5,28,2.973
259.9,100.6,78.4,170.6,10.4,935.7,762.9,28,4.977
312.9,160.5,0,177.6,9.6,916.6,759.5,28,5.245
284,119.7,0,168.3,7.2,970.4,794.2,28,4.093
336.5,0,0,181.9,3.4,985.8,816.8,28,4.487
144.8,0,133.6,180.8,11.1,979.5,811.5,28,1.32
150,236.8,0,173.8,11.9,1069.3,674.8,28,3.743
143.7,170.2,132.6,191.6,8.5,814.1,805.3,28,2.987
330.5,169.6,0,194.9,8.1,811,802.3,28,5.662
154.8,0,142.8,193.3,9.1,1047.4,696.7,28,1.246
154.8,183.4,0,193.3,9.1,877.2,867.7,28,2.379
134.7,0,165.7,180.2,10,961,804.9,28,1.329
266.2,112.3,87.5,177.9,10.4,909.7,744.5,28,3.942
314,145.3,113.2,178.9,8,869.1,690.2,28,4.623
312.7,144.7,0,127.3,8,999.7,822.2,28,4.452
145.7,172.6,0,181.9,3.4,985.8,816.8,28,2.374
143.8,136.3,106.2,178.1,7.5,941.5,774.3,28,2.615
148.1,0,182.1,181.4,15,838.9,884.3,28,1.553
277,116.8,91,190.6,7,946.5,665.6,28,4.358
298.1,0,107.5,163.6,12.8,953.2,784,28,3.587
313.3,145,0,178.5,8,1001.9,688.7,28,4.105
155.2,183.9,143.2,193.8,9.2,879.6,698.5,28,2.899
289,133.7,0,194.9,5.5,924.1,760.1,28,4.625
147.8,175.1,0,171.2,2.2,1000,828.5,28,2.692
145.4,0,178.9,201.7,7.8,824,868.7,28,1.054
312.7,0,0,178.1,8,999.7,822.2,28,2.51
136.4,161.6,125.8,171.6,10.4,922.6,764.4,28,2.907
154.8,0,142.8,193.3,9.1,877.2,867.7,28,0.974
255.3,98.8,77,188.6,6.5,919,749.3,28,3.38
272.8,105.1,81.8,209.7,9,904,679.7,28,3.717
162,190.1,148.1,178.8,18.8,838.1,741.4,28,3.376
153.6,144.2,112.3,220.1,10.1,923.2,657.9,28,1.65
146.5,114.6,89.3,201.9,8.8,860,829.5,28,1.999
151.8,178.1,138.7,167.5,18.3,944,694.6,28,3.635
309.9,142.8,111.2,167.8,22.1,913.9,651.2,28,3.822
143.6,0,174.9,158.4,17.9,942.7,844.5,28,1.542
303.6,139.9,0,213.5,6.2,895.5,722.5,28,3.342
374.3,0,0,190.2,6.7,1013.2,730.4,28,3.906
158.6,148.9,116,175.1,15,953.3,719.7,28,2.768
152.6,238.7,0,200,6.3,1001.8,683.9,28,2.686
310,142.8,0,167.9,10,914.3,804,28,4.53
304.8,0,99.6,196,9.8,959.4,705.2,28,3.012
150.9,0,183.9,166.6,11.6,991.2,772.2,28,1.557
141.9,166.6,129.7,173.5,10.9,882.6,785.3,28,4.461
297.8,137.2,106.9,201.3,6,878.4,655.3,28,5.352
321.3,164.2,0,190.5,4.6,870,774,28,5.722
366,187,0,191.3,6.6,824.3,756.9,28,6.591
279.8,128.9,100.4,172.4,9.5,825.1,804.9,28,5.283
252.1,97.1,75.6,193.8,8.3,835.5,821.4,28,3.34
164.6,0,150.4,181.6,11.7,1023.3,728.9,28,1.803
155.6,243.5,0,180.3,10.7,1022,697.7,28,3.736
160.2,188,146.4,203.2,11.3,828.7,709.7,28,3.531
298.1,0,107,186.4,6.1,879,815.2,28,4.264
317.9,0,126.5,209.7,5.7,860.5,736.6,28,4.006
287.3,120.5,93.9,187.6,9.2,904.4,695.9,28,4.38
325.6,166.4,0,174,8.9,881.6,790,28,6.124
355.9,0,141.6,193.3,11,801.4,778.4,28,4.087
132,206.5,160.9,178.9,5.5,866.9,735.6,28,3.331
322.5,148.6,0,185.8,8.5,951,709.5,28,5.243
164.2,0,200.1,181.2,12.6,849.3,846,28,1.509
313.8,0,112.6,169.9,10.1,925.3,782.9,28,3.846
321.4,0,127.9,182.5,11.5,870.1,779.7,28,3.727
139.7,163.9,127.7,236.7,5.8,868.6,655.6,28,3.523
288.4,121,0,177.4,7,907.9,829.5,28,4.214
298.2,0,107,209.7,11.1,879.6,744.2,28,3.188
264.5,111,86.5,195.5,5.9,832.6,790.4,28,4.154
159.8,250,0,168.4,12.2,1049.3,688.2,28,3.946
166,259.7,0,183.2,12.7,858.8,826.8,28,3.792
276.4,116,90.3,179.6,8.9,870.1,768.3,28,4.428
322.2,0,115.6,196,10.4,817.9,813.4,28,3.118
148.5,139.4,108.6,192.7,6.1,892.4,780,28,2.37
159.1,186.7,0,175.6,11.3,989.6,788.9,28,3.277
260.9,100.5,78.3,200.6,8.6,864.5,761.5,28,3.24
